quarter,tagged_negshare
2023Q1,0.3877551020408163
2023Q2,0.275
2023Q3,0.3333333333333333
2023Q4,0.24390243902439024
2024Q1,0.36585365853658536
2024Q2,0.6428571428571429
2024Q3,0.4666666666666667
2024Q4,0.65625
2025Q1,0.7916666666666666
2025Q2,0.7619047619047619
2025Q3,0.65625
2025Q4,0.7692307692307693
2026Q1,0.5517241379310345
2026Q2,1.0
